{
  "success": true,
  "description": "\u0906\u092a\u093e\u092c \u092c\u093e\u0930 \u092c\u093e\u0930 \u092c\u093e\u0930 \u092c\u093e\u0930 \u092c\u093e\u0930 \u092c\u093e\u0930 \u092c\u093e\u0930 \u092c\u093e\u0930 \u092c\u093e\u0930 \u092c\u093e\u0930 \u092c\u093e\u0930 \u092c\u093e\u0930 \u092c\u093e\u0930 \u092c\u093e\u0930 \u092c\u093e\u0930 \u092c\u093e\u0930 \u092c\u093e\u0930 \u092c\u093e\u0930 \u092c\u093e\u0930 \u092c\u093e\u0930 \u092c\u093e\u0930 \u092c\u093e\u0930 \u092c\u093e\u0930 \u092c\u093e\u0930 \u092c\u093e\u0930 \u092c\u093e\u0930 \u092c\u093e\u0930 \u092c\u093e\u0930 \u092c\u093e\u0930 \u092c\u093e\u0930 \u092c\u093e\u0930 \u092c\u093e\u0930 \u092c\u093e\u0930 \u092c\u093e\u0930 \u092c\u093e\u0930 \u092c\u093e\u0930 \u092c\u093e\u0930 \u092c\u093e\u0930 \u092c\u093e\u0930 \u092c\u093e\u0930 \u092c\u093e\u0930 \u092c\u093e\u0930 \u092c\u093e\u0930",
  "service_used": "assembly_ai",
  "processing_time": 12.58547306060791,
  "error": null,
  "metadata": {
    "confidence": 0.9074774,
    "audio_duration": 0.026,
    "processing_time": 12.585110902786255
  },
  "cached_at": 1748833974.877237
}