{
  "success": true,
  "description": "\u0924\u093e \u0926\u0940\u091c\u093f\u0928\u093e \u0939\u0948, \u0925\u093e \u0925\u0940 \u0905\u091c \u0926\u093e\u0917\u0930\u094d\u0924\u093f \u0915\u0932\u093e\u090f\u0964 \u0932\u092d\u093e\u0928 \u0924\u0941\u0930\u094d\u091f\u0942\u091d\u0947\u0902 \u0932\u092c \u0932\u093f\u0908 \u0924\u0941\u0930\u094d\u091f\u0942\u091d\u094b\u0902 \u0915\u0947 \u0918\u0947\u0926\u093e\u0930\u094d\u091a\u094d\u091b\u0940\u0964 \u0924\u093e \u0926\u0940\u091c\u093f\u0928\u093e \u0939\u0948, \u0924\u093e \u0926\u0940\u091c\u093f\u0928\u093e \u0939\u093e\u0926\u094d\u091b\u0940\u0964 \u0924\u094b \u0917\u0930 \u0930\u00e4t \u0915\u093f \u092e\u093f\u0930\u094b\u0932\u0917 \u092d\u0917\u093e\u0926 \u0938\u093e\u0927\u094b\u0902 \u0915\u0930\u093e\u0917\u0940\u0964",
  "service_used": "assembly_ai",
  "processing_time": 15.756793022155762,
  "error": null,
  "metadata": {
    "confidence": 0.31348395,
    "audio_duration": 0.056,
    "processing_time": 15.756338834762573
  },
  "cached_at": 1748833997.657887
}