{
  "success": true,
  "description": "\u0924\u094b \u0939\u092e\u0947\u0926 \u0916\u094d\u0932\u0947\u0935\u0947\u091f\u093e\u092c \u0915\u0947 \u0924\u0940\u0928 \u0932\u094b\u0917 \u0926\u0940\u0915\u0947 \u092d\u0940 \u0926\u0940\u0915\u0947 \u092c\u0928\u0921\u0932 \u0914\u0930 \u0924\u0940 \u0938\u0940 \u092d\u0928\u094d\u0926\u0940 \u092d\u0940\u0937\u093e\u0928\u092f\u093e \u0928\u093e\u092e \u0938\u0947 \u0924\u094b \u0926\u0940\u0915\u0947 \u092c\u094b\u0932\u093e \u0915\u0940 \u0938\u092c\u0938\u0947 \u0907\u092c\u091f\u094d\u0935\u093e\u0930\u094d\u091f\u0932\u093f\u0928 \u0915\u093e\u092e \u0924\u0941\u092e \u0932\u094b\u0917 \u0932\u0947\u090f \u0915\u093f \u0905\u0917\u0940 \u0905\u0917\u0930 \u092a\u093f\u0915\u0928\u094d\u091a\u094d\u0938\u092e \u092a\u094d\u0930\u092c\u094d\u0932\u092e \u0924\u094b \u092b\u0948\u0930 \u0926\u094d\u0939\u090f \u0930\u0939\u0940\u091c \u0926\u093f\u0926 \u0905\u092a \u092f\u094b\u0917\u0947 \u091f\u093e\u090f\u0917 \u0915\u093f \u092f\u0939\u0924\u093e\u0926 \u0932\u093f\u091f\u0947\u0917 \u091b\u0947\u0917\u093e\u091f\u093e \u093e\u0940 \u092c\u091c\u093c\u0928\u093e \u092f\u0939 \u0915\u093e\u092b\u093f \u0935\u0936\u094d\u0921\u093f\u090f \u0915\u093e\u0907 \u0939\u0948\u0902\u0917\u0947 \u092c\u093e\u0938 \u0924\u094b \u0905\u0926\u093f\u092c \u0935\u093f\u091c\u0947\u0908 \u0915\u092c \u092c\u093f\u091c\u0947 \u091f\u094d\u0921\u093f\u0915 \u0930\u094b\u0902 \u092c\u093e\u0925 \u0915\u0930 \u0932\u094b\u0902 , \u0916\u093e\u0932 \u092e\u093f\u0902 \u0905\u0925, \u0914\u0930 \u0932\u094b\u0917 \u0915\u0930\u094d\u091c\u0940 \u0930\u094b\u0902 \u0926\u0947\u0936\u093e\u0901",
  "service_used": "assembly_ai",
  "processing_time": 20.025818824768066,
  "error": null,
  "metadata": {
    "confidence": 0.47679847,
    "audio_duration": 0.047,
    "processing_time": 20.02550196647644
  },
  "cached_at": 1748833918.955159
}