{
  "success": true,
  "description": "\u0907\u0902\u0915\u0947 \u0932\u093f\u090f\u0902\u0915\u0947 \u0924\u0940\u092e \u0924\u0940 \u092a\u0941\u0930\u093e \u092c\u0936\u094d\u091f\u093e \u0939\u0948 \u0935\u0928\u094d\u0926\u093e \u092f\u0947 \u0906\u092a\u0935\u0947\u0938\u091f\u0930 \u0915\u0930 \u0917\u092f\u0940 \u092f\u0947 \u092c\u094d\u092f\u0902\u0917\u0932\u094b\u0930 \u092e\u0947\u0902 \u0905\u092a\u093f\u0938 \u0939\u0948\u0902\u0917\u093e \u092d\u0940 \u092f\u0947\u0908 \u0924\u0947\u0928\u094d\u092e\u093e\u0917 \u092c\u0947\u0938 \u0915\u092e\u094d\u0928\u0940 \u0939\u0948\u0902 \u091c\u094b \u091c\u094b \u0924\u093e\u0928\u0930 \u091a\u0940\u092a\u094d\u092f\u093e \u0935\u093e\u0932\u093e \u0909\u0902\u0915\u0947 \u0938\u093e\u0925 \u0917\u0942\u092e\u0930\u093e\u0926\u093e \u0915\u094b\u0921\u0935\u093e\u0908 \u0935\u094b \u0906\u092a \u091a\u093e\u0916 \u0905\u0915 \u092a\u093e\u0930\u091c\u093e\u0930 \u0918\u0930\u093e \u0926\u0947\u0917\u093e \u0932\u094b\u0917 \u0932\u094d\u093c\u093e\u0930 \u091f\u093e\u0916\u093c\u093e \u0915\u094b\u0924\u093e\u0917\u093f\u0924\u093e \u0905\u0930\u094d\u091c\u0942\u0939 \u0915\u0928\u0947\u0915\u0935\u0947\u0916\u0949\u0915 \u0928\u0939\u0940\u0902\u0915 \u0932\u093f\u090f \u092d\u094b \u0932\u093e\u0917 \u0905\u0930\u094d\u0917 \u0906\u092a \u0930\u0939\u094d\u092d still \u0924\u0940 \u0905\u0927\u093e \u0906\u092a \u0928\u093e\u0915\u0940 \u092a\u094d\u0930\u091c\u093e\u092f\u0924\u0940 \u0938\u0947 \u0918\u0930\u093e \u0914\u0930 \u0936\u094d\u092f\u0926 \u0917\u093e\u090f \u0932\u0947\u0902",
  "service_used": "assembly_ai",
  "processing_time": 15.593936204910278,
  "error": null,
  "metadata": {
    "confidence": 0.43983778,
    "audio_duration": 0.029,
    "processing_time": 15.593580961227417
  },
  "cached_at": 1748834016.689754
}