{
  "success": true,
  "description": "\u0928\u093f\u0932 \u0938\u0947 \u0905\u0930 \u092d\u0940 \u092c\u093e\u0924 \u0932\u093f\u090f \u0915\u093f \u0928\u093f\u0932 \u092f\u0942\u0928\u093f\u0924\u0940 \u092e\u0947\u0902 \u0915\u093e\u092e \u0915\u0930 \u091a\u094b\u0917\u093e \u0939\u0948 \u092d\u0940 \u0924\u0941 \u092d\u0940 \u091f\u094d\u0930\u0947\u091f\u093f\u0902 \u0915\u0930 \u091a\u094b\u0917\u093e \u0939\u0948 \u091f\u0940\u0928 \u0938\u093e\u0932 \u092c\u094b\u092e\u092c\u0947 \u0938\u0947 \u0939\u0948\u0902 \u0905\u0902\u0926 \u0936\u094d\u091f\u0940\u0932, \u092d\u093e\u092e\u092c\u094b \u0914\u0930 \u0938\u092e\u094d\u0924\u093f\u0902\u0917 \u090f\u0932\u0938\u0915\u0930 \u091f\u0940\u091f\u093f\u0902\u0917 \u0915\u093e \u091c\u0928\u094d\u0926\u093e \u092d\u0940 \u092c\u0928\u093e\u091c \u092c\u0928\u093e\u091c \u0938\u094b\u0917\u093e \u091f\u0940\u0928 \u0938\u093e\u0932 \u0935\u094b \u0924\u094b \u092c\u0941\u0915\u094d\u0938 \u0935\u0917\u0930\u0947 \u092e\u0947\u0902 \u0907\u0902\u091f\u094d\u0930\u0947\u0937\u094d\u0924\u0947 \u0939\u094b\u0938\u0915\u094b \u0914\u0930 \u092f\u0940 \u0924\u094b\u0932 \u0932\u094b\u091f \u0905\u092a \u0932\u093f\u090f \u0915\u093f \u0928\u093f\u0932 \u0938\u0947 \u0928\u093e\u0928 \u0935\u0930\u094d\u0916 \u0932\u093f\u090f \u091f\u0940\u091f\u093f\u091f\u093f\u0902\u0917 \u0938\u0947",
  "service_used": "assembly_ai",
  "processing_time": 6.418763160705566,
  "error": null,
  "metadata": {
    "confidence": 0.63881975,
    "audio_duration": 0.029,
    "processing_time": 6.41838812828064
  },
  "cached_at": 1748833898.928326
}