{
  "success": true,
  "description": "\u0924\u0941\u0939 \u0924\u0941\u0939 \u092c\u0939\u0941\u091f \u0926\u0947\u0916\u0928 \u092c\u0938\u093f\u0915\u0932\u0940 \u092a\u094d\u0930\u094b\u0921\u0917 \u0915\u093e \u092c\u0928 \u0926\u0948, \u0924\u0941\u0939 \u092c\u094b\u0932 \u0930\u0939\u0947 \u0939\u0948 \u0917\u0940 \u0939\u092e\u093e\u0930\u0947 \u090f\u0915 \u0939\u0948\u0917 \u092a\u094d\u0930\u094b\u0921\u0917 \u0926\u0947 \u0916\u0932\u092e\u0917 \u0926\u093e\u092a \u0915\u093e, \u0926\u0947 \u0905\u0935\u0930 \u0938\u0940\u0930 \u092e\u0947\u0902 \u0938\u0947 \u0928 \u0938\u0926\u0940\u0917 \u0932\u0947\u0901. \u0924\u0941\u0939 \u0924\u0941\u0939 \u0924\u0941\u0939 \u0906\u092a \u092c\u093e\u0917\u0924\u0947 \u0928\u0939\u0940\u0902 \u0932\u093f\u0915 \u092c\u0939\u0941\u091f \u0917\u0930 \u0932\u093e\u0917\u0902\u091a \u0924\u0941\u0939 \u0926\u0947\u0916\u0928\u093e\u0924\u093e \u090f\u0915 \u0932\u0947\u090f \u0917\u093e.",
  "service_used": "assembly_ai",
  "processing_time": 27.922165870666504,
  "error": null,
  "metadata": {
    "confidence": 0.53612316,
    "audio_duration": 0.044,
    "processing_time": 27.92184615135193
  },
  "cached_at": 1748833456.581934
}