{
  "success": true,
  "description": "\u092f\u0947 \u092c\u0928\u094d\u0926\u093e \u0924\u094d\u0930\u093e\u0935\u0932 \u0906\u092a \u091a\u0932\u093e\u0924\u093e \u0939\u0948 \u092f\u093e\u0908 \u0906\u092a \u0906\u092a \u0906\u092a \u092f\u093e\u0908 \u0924\u094d\u0930\u093e\u0935\u0932 \u0906\u092a \u092a\u094d\u0939\u0928\u094d\u0926 \u0915\u0947 \u0916\u0941\u0938\u094d\u0924\u094b \u092f\u0941\u091c\u0930\u094d\u091f \u0938\u0947 \u0939\u0948\u0902 \u0914\u0930 \u0930\u0947\u092e\u094b\u0921 \u0924\u0940\u092e \u0939\u0948\u0902 \u0938\u094d\u092b \u092d\u0947\u091c \u0926\u0940 \u0939\u0948\u0902 \u0924\u094b \u0917\u094b \u092c\u094b\u0932\u094d\u0921\u093c\u093e\u0924\u093e \u0939\u0948 \u0915\u093f \u092f\u0947 \u0932\u094b\u0917 \u0915\u0930\u0947\u0902\u091f\u0932\u0940 \u0924\u094b \u0906\u091c \u0928\u0940 \u091a\u0932\u093e\u0924\u093e \u0939\u0948, \u0938\u094d\u092b\u094d\u0935\u094d\u0915\u094d\u0930\u093f\u0937\u094d\u091f\u0928 \u092c\u0947\u091c \u0930\u0947\u0902",
  "service_used": "assembly_ai",
  "processing_time": 9.604449033737183,
  "error": null,
  "metadata": {
    "confidence": 0.67280084,
    "audio_duration": 0.042,
    "processing_time": 9.604286909103394
  },
  "cached_at": 1748842488.27466
}