{
  "success": true,
  "description": "\u0905\u092a\u091f\u093c \u0935\u0932 \u0905\u092c \u092e\u0947\u0902 \u0926\u093f\u090f\u0916\u093c\u093e\u0928 \u0939\u0948 \u0939\u0948 \u0905\u092a\u091f\u093c \u0935\u0932 \u091c\u0947 \u0906\u092a \u092a\u094d\u0932\u0947 \u0915\u0930 \u0930\u0939\u093e\u0917 \u0939\u0948\u0902 \u092d\u0940 \u0939\u0948\u0902 \u0935\u0947\u092f\u093e \u0924\u092c \u092a\u094d\u0932\u093f\u0915 \u0915\u0930\u094b \u092f\u0939\u0938\u0940 \u0926\u093e \u092a\u0941\u0921\u093c\u093e \u0915\u094b\u0932\u0947 \u0906\u0917\u093e \u0914\u0930 \u0936\u092b\u093c\u0941\u091a \u0939\u094b\u0917\u093e \u0924\u094b \u0906\u092a \u0907\u0938\u0928\u0916 \u092d\u0940 \u0916\u0947\u0930\u093e \u0925\u093e \u0935\u0939 \u0917\u0947\u092e\u0947\u0902 \u090f\u0915\u094b \u0938\u0941\u0938\u094d\u0924\u092e \u0928\u0947 \u0926\u094b\u0921\u093c\u0917 \u092c\u094b\u091b\u093c duty \u092f\u094b\u0928\u094d\u092f\u0947\u0916 \u0915\u094b \u0935\u0947\u0938\u094d\u091f \u092d\u0930\u093e\u0928\u093e \u0928 \u092a\u094d\u0932\u0947\u0917\u093e \u092c\u0921\u093c\u0947\u0902\u0917\u093e \u091c\u0947\u0932\u0917\u093e\u0909 \u0924\u0947 \u0928\u094d\u091c\u093e \u0932\u094b\u0917\u0947 \u0938\u0915 \u0924\u0941\u092d\u093f \u0924\u094d\u092b\u093f\u0938 \u092e\u094b\u092a\u0935\u093e\u0932 \u0905\u092a\u0915\u094b \u0905\u0916\u0924 \u0939\u094b \u091c\u093e\u0924\u0947 \u0939\u0948, \u0924\u094b \u0935\u094b \u092f\u093e \u092f\u0947 \u0909\u092a\u094d\u0924\u093f\u092c \u0932\u094b\u0917 \u092e\u0947\u092e\u0928\u0947\u0902, \u092c\u0924 \u0917\u0940 \u092a\u093e \u0926\u093f\u092f\u093e\u0917 \u090f\u0915\u092e\u0947\u0902 \u0925\u0947\u091a\u093e \u091a\u0947\u0932 \u091c\u093c\u093e\u0917\u093e\u0909 \u0924\u094b \u0924\u094d\u0930\u0940\u0902\u091c\u093e\u0930 \u0932\u094b\ufffd",
  "service_used": "assembly_ai",
  "processing_time": 15.67877984046936,
  "error": null,
  "metadata": {
    "confidence": 0.4557964,
    "audio_duration": 0.026,
    "processing_time": 15.678608894348145
  },
  "cached_at": 1748842675.558878
}