{
  "success": true,
  "description": "\u091c\u0940\u0935\u0947\u0916\u093e\u0928 \u092c\u0947\u0938\u0915\u0940 \u092a\u094d\u0930\u0921\u093c\u093e\u0915 \u0915\u093e \u092c\u0928 \u0926\u0936 \u0924\u094b \u092c\u094b\u0932 \u0930\u0939\u0947 \u0939\u0948 \u0915\u093f \u0939\u092e\u093e\u0930\u0947 \u0939\u0948, \u0915\u0947\u091f \u0905\u0917\u094d\u0926 \u0926\u0947\u0916, \u0915\u094d\u0932\u0947\u0935\u0947\u091f \u0906\u092a \u0915\u093e, \u0924\u094b \u0905\u092a\u0930 \u0915\u093f \u0938\u0947 \u0932\u0917\u093e\u0928 \u092c\u093e\u0930\u094d\u092b \u0938\u0947 \u0928 \u0938\u094d\u0925\u0940 \u0916\u0947\u090f \u0907\u0938 \u0920\u094d\u092c\u093f\u0930\u094d\u091f \u0906\u0928 \u0924\u094b\u092c \u0906\u092a \u0926\u093e\u0917, \u0905\u0928 \u0905\u092a\u0928\u0947 \u0915\u093e \u0932\u093f\u0915 \u0906\u092a\u0915\u0947 \u0932\u0917\u0928\u0947 \u0924\u094b \u0935\u094b\u0932 \u0930\u0939\u0947 \u0939\u0948, \u0915\u093f \u0932\u0917\u0928\u0947 \u092c\u093e\u0930\u0947 \u0938\u091a\u094d\u092a\u093f\u0930",
  "service_used": "assembly_ai",
  "processing_time": 12.54259204864502,
  "error": null,
  "metadata": {
    "confidence": 0.47383913,
    "audio_duration": 0.044,
    "processing_time": 12.542443037033081
  },
  "cached_at": 1748845897.3069701
}