{
  "success": true,
  "description": "\u0930\u0947\u0917\u0947 \u092e\u0941\u0928\u0926\u093e\u0926\u093e\u091c\u093f\u0936\u0928 \u092c\u094d\u0932\u0930\u094d\u0926\u0916\u093e\u091d\u092e\u0940 \u0926\u0947\u0916\u093e\u0902\u0917\u093e \u0925\u093e\u0964 \u092f\u0947 \u0906\u091c\u094d\u0921\u093e\u0938\u094d\u0921\u0930 \u0915\u093e \u0906\u0926\u0942\u092c \u0906\u0926 \u092f\u0947 \u0917\u0930 \u0917\u0947\u0964 \u0932\u0947\u0902\u0928\u093f\u0924\u0947 \u092c\u093e\u0926\u0947 \u0932\u0947\u0902\u0928\u0947 \u0926\u0947\u0916\u093e\u0902\u0917\u0947\u0964 \u0932\u0917\u093e\u0928 \u0928\u0939\u0940\u0902 \u0915\u0930\u093f\u090f \u0915\u094b\u0938\u0947 \u0926\u0947\u0916\u093e\u0915\u093e after all the ai apps that you took to we were looking at ads as a monetization as compared to subscription \u0924\u094b \u092b\u093c\u0930\u0942\u094b\u0902 \u0915\u093f \u0906\u092a \u092f\u0939 \u091c\u0947\u0917\u0947\u0964",
  "service_used": "assembly_ai",
  "processing_time": 18.65553593635559,
  "error": null,
  "metadata": {
    "confidence": 0.4163348,
    "audio_duration": 0.056,
    "processing_time": 18.655300855636597
  },
  "cached_at": 1748842700.978744
}