{
  "success": true,
  "description": "\u0924\u0941\u0917 \u0932\u0947\u0935\u093f\u091f\u093e\u092a \u0915\u0940 \u091c\u094b \u092c\u0902\u0926\u0940 \u0926\u0940 \u0935\u094b \u0909\u091c \u092a\u094d\u0930\u094b\u0921\u0917 \u092e\u093e\u0902\u0915\u0947\u091f\u093f\u0902 \u0917\u0930 \u0926\u093f\u092f\u093e \u0935\u094b \u0935\u094b \u0932\u093f\u090f \u0926\u093f\u092f\u093e \u0930\u0947 \u090f\u0915 \u092a\u094d\u0930\u094b\u091f\u094d\u093c\u092e \u0939\u0948 \u0915\u0940 \u092e\u0948\u0902 \u092f\u0942\u090f\u0936 \u092e\u093f\u0928\u0947 \u0938\u094d\u0935\u0947\u0936\u094d\u0935\u0947\u0916\u094d\u0932\u0940 \u0930\u092c \u0938\u094d\u092a\u094b\u091f \u0926\u093f\u0938 \u0928\u094b\u091f \u0917\u0932\u093e\u0913 \u092f\u094b \u0924\u0941\u0936\u0915\u094d\u0930\u0947 \u092a\u0940 \u092e\u0947\u0932\u094d\u0938 \u0905\u092a \u0928\u094b\u0928",
  "service_used": "assembly_ai",
  "processing_time": 9.475624084472656,
  "error": null,
  "metadata": {
    "confidence": 0.61665213,
    "audio_duration": 0.022,
    "processing_time": 9.47494387626648
  },
  "cached_at": 1748842625.907188
}