{
  "success": true,
  "description": "\u0938\u0941 \u092e\u0948\u0902 \u0921\u0932\u094d\u0935\u0947\u091f\u093e\u092a \u0915\u0947 \u0924\u0940\u0928 \u0932\u094b\u0917 \u0926\u093f\u0915\u0947 \u092c\u0928\u0940\u0930 \u0932\u094b\u0917 \u0938\u0947 \u092d\u0928\u0940 \u0915\u0940 \u091c\u093e\u0928\u094d\u092f\u093e \u0928\u093e\u092e \u0938\u0941\u0964 \u0924\u094b \u0926\u093f\u0915\u0947 \u092c\u094b\u0932\u093e\u0917 \u0915\u0940 \u0938\u092c \u0938\u0947 \u090f\u092c \u092f\u092c \u092c\u093e\u091f\u0928 \u0915\u093e\u092e \u0924\u0941\u092e \u0932\u094b\u0917 \u0932\u0947 \u092f\u0939\u093e\u0901 \u090f\u0915\u093f \u0905\u092a \u092f\u0939 \u092a\u093f\u0915\u093f\u0902\u091a \u0938\u092e \u092a\u094d\u0930\u094b\u092c\u094d\u0932\u092e \u0924\u0941 \u0930\u0939\u0940\u091c \u0924\u0930 \u0906\u0907\u0928 \u091f\u094d\u092f\u093e\u0938 \u0915\u0930 \u0906\u092a \u090f\u092a \u0909\u092a\u094d\u0930 \u0928\u094b\u0917 \u0926\u094b\u0917 \u0925\u0940 \u0935\u091c\u094d\u093c\u094d\u092f\u093e \u0915\u0930\u094d\u0917\u093c\u093e \u0924\u0940 \u0916\u093c\u094d\u091f\u093e\u092c \u092c\u093e\u0922\u094b\u0917 \u0916\u093c\u094d\u091f\u093e\u092c \u091c\u094b\u0907\u0902 \u0915\u0940 \u0906\u092a \u092f\u093e \u0928\u093e\u091c\u0936\u0941\u0932 \u0924\u0940 \u0924\u0930 \u0939\u0948\u0902 \u0925\u094b \u092f\u0936\u0915\u0947 \u092c\u093e\u091c \u0926\u094b\u0921\u093e \u092b\u094d\u0930\u0940\u091f\u092e \u0939\u0948\u0902 \u0935\u0948\u0938\u093f\u0917\u0932\u0947 \u0925\u094b \u0935\u093e\u0905\u0928\u094d\u0925\u0930 \u0924\u0930\u0937\u094d\u0938\u092e \u0905\u0932\u094b\u091f \u0924\u0930\u0937\u094d\u0938\u092e \u0905\u0932\u094b\u091f \u0906\u092a \u0932\u094b\u0917 \u0906\u0926 \u092c\u093e\u0926 \u0915\u0930\u094d\u091f\u093e\u092c \u0932\u094b\u0917 \u092b\u0930\u094d\u091f\u0947 \u0915\u0930\u094d\u091f\u093e\u092c \u092c\u093e\u0922\u094b\u0917 \u0917\u0930\u094d\ufffd",
  "service_used": "assembly_ai",
  "processing_time": 18.72996997833252,
  "error": null,
  "metadata": {
    "confidence": 0.4826427,
    "audio_duration": 0.047,
    "processing_time": 18.72982096672058
  },
  "cached_at": 1748842616.430701
}