{
  "success": true,
  "description": "\u0935\u0942\u0901, \u0906\u092a \u0935\u0947\u0938\u094d\u0930 \u0915\u0930\u0924\u0947 \u0939\u0948 \u092f\u0947 \u092c\u093e\u0902\u0917\u0932\u094b\u0930 \u092e\u0948\u0902 \u0906\u092a\u091c\u093c\u093e\u0902\u0917\u093e \u0926\u0947\u0928\u094d\u092e\u093e\u0917 \u092c\u0947\u091c\u094d\u0915\u092e\u094d\u0928\u093f \u0939\u0948, \u091c\u094b \u091c\u094b \u0924\u093e\u0928\u0903 \u0938\u0940\u092a\u093f\u092f\u093e \u0935\u093e\u0932\u093e \u0905\u092a \u0930\u0939\u093e\u0926\u093e \u092a\u0939\u0941\u0933 \u0925\u093e. \u0938\u094b \u0924\u094b \u0926\u0947\u092d\u093e\u0930 \u0932\u0917 \u0932\u0917 \u092a\u0930 \u091f\u093c\u0935\u093e\u0928\u093e\u0928\u0915\u093e\u0924\u0947 \u0939\u0948\u0902 \u0924\u0941 does \u0905\u0928\u0915\u0940\u0928 \u092c\u093e\u091f\u093e, \u092e\u0947\u0902 \u0927\u093e\u0939\u0901\u093e, \u0914\u0930 \u092a\u094d\u0930 \u0906\u092a \u0930\u0942\ufffd\u00e4sident said that he will link him via his streaming. \u0905\u0925\u0928\u0940 \u0939\u094b \u091a\u0940\u092f\u0915 \u0930\u0942\ufffd bon",
  "service_used": "assembly_ai",
  "processing_time": 18.607663869857788,
  "error": null,
  "metadata": {
    "confidence": 0.38830042,
    "audio_duration": 0.029,
    "processing_time": 18.6074960231781
  },
  "cached_at": 1748842722.9027898
}