{
  "success": true,
  "description": "\u0924\u094b \u0928\u0940\u0932 \u0938\u0947\u0921 \u0915\u0940\u0930 \u092a\u094d\u0932\u0947\u092c\u0932\u093e\u0921 \u0915\u094b \u0906\u091c \u092c\u0938 \u0926\u094b\u091a \u092e\u091a \u091c\u094b\u091a \u0928\u0939\u0940\u0902\u0964 \u091c\u0902\u0917\u094d\u0932\u0940 \u0906\u0917 \u0926\u092c \u0915\u093e\u0939\u0928\u093e \u091c\u094b\u091a, \u0924\u094b \u0917\u094b \u092a\u0939\u0941\u0936\u094d\u0935 \u092a\u0930 \u0938\u0938 \u092f\u0947\u092c\u0926\u0940 \u0926\u0947\u0935\u093e\u0908\u091a \u0915\u0940 \u0938\u093e\u0938 \u0905\u0928 \u0906\u092a \u0926\u0947\u0916 \u0926\u094b\u091a \u092a\u0939\u0941\u0936 \u0928\u0939\u0940\u0902\u0928\u094b\u0917. \u0924\u094b \u0932\u0917\u0917 \u0938\u0941 \u0915\u093f\u0937 \u092e\u0928\u0964 \u092f\u0939 \u0926\u0942\u0930 \u092e\u0947\u090f \u0918\u0948\u0921\u093c\u0915 \u0905\u091f \u0915\u0930\u0924\u0947 \u0930\u0939\u093e \u0939\u0948, \u0924\u094b \u092a\u0930 \u0928\u093e\u0917\u0926\u093e\u0924 \u0939\u0948\u0902 \u0924\u0940\u0932\u091f \u0925\u093e \u0906\u0926\u093c\u093e\ufffd\u4e95 \u0924\u0940\u0932\u091f \u0905\u0926\u093c\u093c\u093e\u0926\u093c, \u0936\u0932\u0917 \u092c\u0939\u0941\u0924 \u0915\u094b\u0917\u093c\u0947 \u0915\u093c\u093e\u0936\u093e \u0939\u0948, \u0924\u094b \u092c\u0924\u0941\u0938 \u091c\u093e\u0930 \u0938\u0902\u0925\u093e\u0926 \u0905\u0926\u093c\u093e, \u0905\u0930\u0917 \u0924\u0940\u0932\u091f \u0906\u0926\u093c \u0938\u0902\u0925\u093e, \u0920\u0940\u0941\u0902\u0923\u093e\u0926 \u0925\u0940 \u092c\u0926\u0941\u0926 \u0905\u092a\u0940 \u0939\u0941\u091d\u093e \u0924\u094b \u092f\u094b \u0938\u093e\u0938\u094d\u091a\u0928\u0947\u091f\u0947\u0926 \u092c\u0947 \u0926\u093e\u091f \u0914\u0930 \u0938\u094b, \u0905\u0930\u094d\u0926 \u0915\u094d\u092f\u093e \u092c\u0932\u093e, \u092f\u0947 \u0930\u0947\u0935\u094d\u092f\u0942 \u0915\u0930\u0915\u0947 \u0915\u0941\u0908 \u0905\u092b\u0930\u094d\u0935\u093e\u0932 \u0915\u0902\u092a\u0928\u0940 \u0939\u0948 \u0926\u0947, \u0909\u0928 \u0938\u0947 \u092e\u093f\u0932\u094b \u092c\u0932\u093e.",
  "service_used": "assembly_ai",
  "processing_time": 31.09649085998535,
  "error": null,
  "metadata": {
    "confidence": 0.43770936,
    "audio_duration": 0.146,
    "processing_time": 31.09625506401062
  },
  "cached_at": 1748842659.879585
}