{
  "success": true,
  "description": "\u0924\u094b \u092c\u094d\u0930\u0947\u091c \u0915\u0947 \u092a\u093e\u0938 \u0938\u094d\u092f\u093e\u0930\u092e \u092e\u0947\u0902 \u092a\u0921\u093c\u093e \u0939\u0942\u0901 \u0915\u0941\u0938\u094d\u0924\u092e\u0930 \u0932\u0935\u0947\u0935\u0932 \u092a\u0947 \u0935\u094b \u092c\u0928\u093e\u0930 \u0939\u0948, \u0932\u093e\u0902\u0928\u093f\u0917 \u092c\u0947\u091a \u0915\u0941\u0938\u094d\u0924\u092e\u0930 \u091a\u093e\u0924\u093e \u0939\u0948 \u0915\u093f \u092e\u0939\u093e\u092a\u0947 \u0932\u093e\u0902\u0928\u093f\u0917 \u092c\u0947\u091a \u092a\u0947 \u090f\u0915 \u092f\u092e\u0947\u0932 \u092b\u094b\u092e \u092d\u0940 \u0939\u094b \u0915\u0941\u0938\u094d\u0924\u092e\u0930 \u0938\u094d\u092f\u093e\u0930\u092e \u0909\u0938\u0915\u0947 \u0905\u091f\u093f\u0928\u094d\u091f\u0940 \u0936\u093e\u0907\u0928 \u0905\u092a \u0915\u0930 \u0930\u092c \u092f\u0939 \u092f\u0939 \u092f\u0939 \u0935\u0948\u0928 \u0924\u094b\u0932\u0947 \u0915\u094d\u092f\u093e \u0935\u093e YouTubers \u0906\u092a \u0939\u094b \u0906\u092a\u094b \u092e\u0947\u0902 \u0915\u094b \u091c\u093e\u0917\u093e \u0907\u0938\u0915 \u0930\u093e\u0939\u0917\u0924\u0947 \u0915\u0930\u094b \u0935\u0947 \u0932\u0917\u094d\u0926 \u092e\u0947\u0902 \u0914\u0938 \u0938\u094d\u0935\u0928 \u0915\u0947 \u0932\u0917\u0926 \u0932\u0917\u0926 \u0924\u094b \u0909\u0938\u094d\u092a\u094b\u0921\u094d\u093c\u093e\u0939 \u0939\u0948 \u0924\u094b \u0906\u092a \u0938\u094d\u0935\u093f\u090f \u0924\u0941\u091b \u0924\u094b \u092d\u0940 \u0935\u094b \u092b\u094b\u0902\u092a\u093f\u0928 \u0914\u0938 \u0938\u093e\u092c \u0914\u0930 \u0932\u0917\u0926 \u092e\u0947\u0902 \u0915\u094d\u092f\u093e \u090f\u0915 \u0935\u0940 \u0935\u093f\u0935\u0932\u0940 \u092c\u0947\u091f \u0935\u0948\u0938 \u092a\u0947 \u0930\u0935 \u0935\u0947\u091c, \u0905\u092a \u091c\u0930\u0941\u091f \u0939\u094b \u0925\u0947",
  "service_used": "assembly_ai",
  "processing_time": 15.686583042144775,
  "error": null,
  "metadata": {
    "confidence": 0.47824052,
    "audio_duration": 0.051,
    "processing_time": 15.684620141983032
  },
  "cached_at": 1748842146.082189
}