{
  "success": true,
  "description": "\u0928\u0940\u0932 \u0938\u0947 \u0914\u0930 \u092d\u0940 \u092c\u093e\u0924 \u0926\u0940, \u0915\u093f \u0928\u0940\u0932 \u092f\u0942\u0928\u093f\u091f\u093f \u092e\u0947\u0902 \u0916\u093e\u092e \u0916\u0930 \u091a\u094b\u0915\u093e \u0939\u0948, \u092d\u0940 \u0924\u0941 \u092d\u0940 \u091f\u094d\u0930\u0947\u091f\u093f\u0902\u0917 \u0917\u0930 \u091a\u094b\u0915\u093e \u0939\u0948, \u0924\u0940\u0928 \u0938\u093e\u0932, \u092c\u093e\u092e\u092c\u0947 \u0938\u0947 \u0939\u0948\u0902, \u0905\u0917 \u0936\u094d\u091f\u0940\u0932, \u092d\u093e\u092e\u092c\u094b \u0914\u0930 \u0938\u092e\u094d\u091d\u0947\u0902 \u0905\u0932\u094d\u091f\u094d\u0938 \u0915\u0930 \u091f\u094d\u0930\u0947\u091f\u093f\u0902\u0917 \u0915\u093e \u0926\u0902\u0926\u093e \u092d\u0940 \u092c\u0928\u093e\u091c \u092c\u0928\u093e\u091c \u091a\u094b\u0915\u093e \u0939\u0948 \u0924\u0940\u0928 \u0938\u093e\u0932 \u0935\u094b. \u0924\u094b \u092c\u0941\u0915\u094d\u0938 \u0935\u0917\u0930\u0947 \u092e\u0947\u0902 \u0907\u0902\u091f\u094d\u0930\u0947\u0937\u0924\u0947 \u0909\u0938\u0915\u094b, \u0914\u0930 \u092d\u0940 \u0924\u094b\u0932 \u0932\u094b\u091f\u094d\u092b \u0932\u093f\u0915 \u0928\u0939\u0940\u0902, \u0928\u0939\u0940\u0902 \u0928\u0939\u0940\u0902 \u0928\u0939\u0940\u0902 \u0928\u0939\u0940\u0902 \u0928\u0939\u0940\u0902 \u0928\u0939\u0940\u0902 \u0928\u0939\u0940\u0902,",
  "service_used": "assembly_ai",
  "processing_time": 6.511229991912842,
  "error": null,
  "metadata": {
    "confidence": 0.68077385,
    "audio_duration": 0.029,
    "processing_time": 6.51101279258728
  },
  "cached_at": 1748842597.7002099
}