{
  "success": true,
  "description": "\u091c\u0940 \u092c\u0939\u093e\u0928 \u0916\u094d\u092f\u093e\u0928 \u092c\u0948\u0938\u0915\u094d\u092f\u0917 \u092a\u094d\u0930\u0941\u091f\u094d\u0917\u093c \u0915\u093e \u092c\u0928\u0926\u0947 \u0939\u0948, \u0924\u094b \u092c\u094b\u0932 \u0930\u0939\u0947 \u0939\u0948 \u0915\u093f \u0939\u092e\u093e\u0930\u0947 \u0916\u094d\u092f\u093e\u0928 \u092a\u094d\u0930\u0941\u091f\u0917 \u0926\u0947 \u0915\u094d\u092f\u094b\u0917\u0947 \u0924\u0948\u092a \u0915\u093e, \u0926\u0947 \u0905\u0935\u0930 \u0938\u0947 \u091a\u094d\u092f\u093e\u0930\u094d\u092e \u0905\u091c\u0928 \u0938\u094d\u0926\u0940\u0916\u0947 \u092f\u093e \u0906\u092a \u0906\u0926\u0947\u0902 \u092a\u094d\u0930\u0942\u091f\u094d\u0917 \u0915\u0930\u0947 \u092a\u0942\u091f\u094d\u0917 \u0932\u093e\u0921\u093c \u0924\u094b \u092c\u093e\u0939\u0941\u091f\u0917 \u0915\u0930\u093f\u090f \u0928\u093e\u0928\u0947 \u0915\u093f \u0916\u094d\u092f\u093e\u0928 \u092a\u094d\u0930\u0942\u091f\u094d\u0917 \u0932\u093e\u0921\ufffd \u0906\u0926 \u0920\u093e\u0926\u092c \u0932\u0917 \u092f\u093e\u0930 \u092e\u0947\u0902 \u0924\u0941\u092e \u0915\u0947 \u0932\u093f\u090f \u092a\u094d\u0930\u093c\u0942\u0932\u0928 \u092d\u093e\u0924\u093e\u0924\u093e \u0939\u0942\u0901, you can sell it to clients, \u0909\u0915\u0932 \u092c\u093e\u0924 \u0915\u0930\u0924\u0947 \u0939\u0948\u0902 \u092c\u094b\u0932\u093e \u0939\u094b\u0964 I think they said that you can do a white label for Clevertab and then you can build on top of it.",
  "service_used": "assembly_ai",
  "processing_time": 15.61011815071106,
  "error": null,
  "metadata": {
    "confidence": 0.5412989,
    "audio_duration": 0.044,
    "processing_time": 15.609611988067627
  },
  "cached_at": 1748842130.3949409
}