{
  "success": true,
  "description": "\u092e\u0948\u0926 \u0939\u092e \u092f\u0947 \u0935\u093f\u0928\u094d\u0926\u093e \u0938\u0947\u0925 \u0938\u092c\u0928\u094d\u091f\u0940 \u0906\u092a\u094d\u0938 \u0915\u093e \u0907\u0928\u094d\u0935\u0928\u094d\u091f\u0930\u0940 \u0939\u0948\u0902 \u0915\u093e \u0915\u094b\u0908 \u0935\u094b\u0908\u0938 \u0916\u094d\u0932\u094b\u0902 \u0906\u092a \u0939\u0948\u0902, \u0915\u094b\u0908 \u0928\u0940\u092e \u0906\u092a \u0939\u0948\u0902 \u0930\u0947\u091f, \u0938\u094b \u092c\u0947\u0938\u0947\u0916\u0932\u0940 \u0907\u0938\u0915\u094b \u092f\u0947 \u091a\u0947\u092f\u0947 \u0924\u093e \u0907\u0938\u0915\u094b \u091a\u0947\u092f\u0947 \u0928\u0939\u0940\u0902, \u092c\u0939\u0941\u0924 \u0939\u0940 \u092b\u0941\u0902\u091f \u092f\u0947 \u0905\u0902\u091f\u094d\u0930\u0947\u0938\u094d\u091f\u093f\u0902 \u0915\u093f\u092f\u093e\u0930",
  "service_used": "assembly_ai",
  "processing_time": 21.76904797554016,
  "error": null,
  "metadata": {
    "confidence": 0.67709076,
    "audio_duration": 0.097,
    "processing_time": 21.768910884857178
  },
  "cached_at": 1748842478.669796
}